src_lang,to_lang,count
aaq,eng,2
abe,eng,2
abs,zsm,1
adt,eng,1
afr,afr,658
afr,ara,1
afr,deu,3
afr,eng,44
afr,fin,1
afr,fra,2
afr,ind,1
afr,ita,1
afr,msa,3
afr,nld,236
afr,por,2
afr,rus,1
afr,spa,1
aii,aii,2
aii,ara,2
aii,eng,3
aii,fra,1
aii,grc,10
aii,heb,9
aii,lat,1
aii,syc,2
ain,ain,18
ain,jpn,5
ain,por,1
akk,akk,40
akk,ara,1
akk,eng,8
akk,fas,1
akk,grc,2
akk,heb,1
akk,por,1
akk,rus,1
akk,sux,9
akk,syc,26
akk,xcl,2
akz,akz,4
akz,eng,3
akz,mod,1
akz,spa,1
ale,eng,3
ale,rus,2
alq,eng,1
alq,fra,1
amh,amh,12
amh,eng,6
amh,fra,2
amh,pol,1
amj,eng,1
ang,ang,5823
ang,dan,2
ang,eng,1050
ang,enm,1389
ang,epo,1
ang,fao,2
ang,fra,4
ang,fro,14
ang,gla,2
ang,gle,3
ang,glv,2
ang,gml,1
ang,grc,2
ang,isl,2
ang,lat,79
ang,non,27
ang,osx,1
ang,p_gem,4
ang,p_gmw,1
ang,sco,105
ang,sga,4
ang,xno,1
apw,apw,4
apw,eng,1
apw,spa,1
ara,afr,1
ara,aii,2
ara,akk,1
ara,ara,2575
ara,ary,1
ara,arz,4
ara,aze,90
ara,bak,23
ara,ben,21
ara,bul,5
ara,cat,23
ara,che,2
ara,crh,16
ara,dan,1
ara,deu,3
ara,ell,5
ara,eng,307
ara,epo,1
ara,fas,676
ara,fin,1
ara,fra,56
ara,frm,3
ara,fro,10
ara,gle,2
ara,glg,3
ara,gmh,1
ara,grc,23
ara,guj,5
ara,hau,2
ara,hbs,6
ara,heb,25
ara,hin,128
ara,hun,7
ara,hye,24
ara,ind,24
ara,ita,29
ara,kat,23
ara,kaz,2
ara,kir,1
ara,kur,8
ara,lad,6
ara,lat,39
ara,lav,4
ara,mar,1
ara,mlt,278
ara,msa,21
ara,nap,1
ara,nld,4
ara,nno,3
ara,nob,4
ara,ota,155
ara,pal,10
ara,pan,2
ara,phn,2
ara,pol,9
ara,por,25
ara,pus,18
ara,ron,1
ara,rus,24
ara,san,3
ara,scn,10
ara,slk,1
ara,slv,1
ara,spa,148
ara,sqi,8
ara,swa,41
ara,syc,58
ara,tat,6
ara,tel,3
ara,tgk,117
ara,tuk,3
ara,tur,489
ara,uig,16
ara,urd,129
ara,uzb,41
ara,xaa,8
ara,xcl,6
ara,xno,2
ara,zsm,140
arg,arg,40
arg,enm,2
arg,lat,50
arg,rus,1
arg,sco,1
arg,spa,2
arn,arn,18
arn,aym,1
arn,ell,1
arn,eng,4
arn,lat,1
arn,spa,13
arq,fra,2
arw,spa,3
ary,ara,1
ary,ary,2
ary,eng,6
ary,fra,7
arz,ara,4
arz,arz,55
arz,eng,4
arz,fas,6
arz,fra,1
arz,grc,1
arz,ota,4
arz,tur,3
ase,ase,270
ase,eng,1
ast,ast,6187
ast,cat,1
ast,grc,5
ast,lat,253
auc,eng,1
ava,swe,1
ave,eng,16
ave,fas,8
ave,grc,2
ave,pal,1
axm,hye,6
axm,xcl,1
ayl,ayl,4
ayl,ita,2
ayl,tur,5
aym,arn,1
aym,nld,1
aym,por,1
aze,ara,90
aze,aze,1220
aze,eng,3
aze,fas,80
aze,fra,3
aze,grc,2
aze,hye,12
aze,ita,1
aze,jpn,3
aze,kat,1
aze,kur,1
aze,lat,1
aze,otk,1
aze,por,1
aze,ron,1
aze,rus,19
aze,xcl,1
bak,ara,23
bak,bak,32
bak,eng,2
bak,fas,12
bak,ota,1
bak,otk,19
bak,por,1
bak,rus,4
bar,bar,2
bar,deu,5
bar,gmh,1
bar,hun,16
bar,lat,1
bar,spa,1
bdy,eng,1
bel,bel,73
bel,chu,5
bel,eng,2
bel,grc,2
bel,heb,1
bel,lat,1
bel,lit,1
bel,msa,1
bel,orv,5
ben,ara,21
ben,ben,1704
ben,eng,106
ben,fas,11
ben,hun,1
ben,kan,1
ben,lat,1
ben,msa,1
ben,por,1
ben,rhg,7
ben,rus,1
ben,san,130
ben,tha,1
ben,urd,1
bft,eng,1
bis,eng,2
bod,bod,6
bod,eng,14
bod,fra,1
bod,hbs,2
bod,hun,1
bod,kat,1
bod,pol,1
bod,por,1
bod,rus,2
bod,slv,1
bre,bre,1346
bre,eng,4
bre,fra,18
bre,fro,8
bre,grc,4
bre,lat,42
bre,obr,3
bre,obt,19
bre,xbm,13
bre,xmb,1
bua,rus,1
bul,ara,5
bul,bul,3885
bul,ces,1
bul,chu,11
bul,deu,8
bul,ell,2
bul,eng,7
bul,fas,2
bul,fra,10
bul,grc,11
bul,hbs,1
bul,hun,5
bul,hye,1
bul,ita,5
bul,jpn,2
bul,lat,7
bul,ota,19
bul,pol,1
bul,ron,25
bul,rus,5
bul,san,1
bul,tur,10
byn,eng,1
cat,ara,23
cat,ast,1
cat,cat,22393
cat,ces,2
cat,dan,1
cat,deu,2
cat,eng,46
cat,enm,1
cat,eus,2
cat,fas,1
cat,fin,1
cat,fra,68
cat,frm,3
cat,fro,10
cat,got,1
cat,grc,52
cat,hbs,1
cat,heb,3
cat,hun,1
cat,ita,24
cat,jpn,3
cat,lad,1
cat,lat,1749
cat,non,1
cat,nor,1
cat,por,2
cat,pro,25
cat,rmq,1
cat,rus,2
cat,scn,1
cat,spa,79
cat,swe,1
cat,tnq,1
ccc,spa,36
ceb,ceb,111
ceb,spa,1
ces,bul,1
ces,cat,2
ces,ces,39170
ces,chu,6
ces,dan,1
ces,deu,42
ces,eng,58
ces,epo,1
ces,fin,2
ces,fra,62
ces,frm,1
ces,gla,1
ces,gmh,3
ces,goh,5
ces,grc,15
ces,hbs,10
ces,heb,2
ces,hun,10
ces,isl,1
ces,ita,6
ces,lat,49
ces,lav,1
ces,mkd,1
ces,nld,2
ces,non,3
ces,oci,1
ces,pol,11
ces,por,2
ces,rus,8
ces,san,1
ces,slk,3
ces,slv,3
ces,swe,1
ces,tur,2
ces,zsm,1
cha,cha,13
cha,spa,1
chc,eng,1
che,ara,2
che,che,38
che,fas,1
che,kat,1
che,lat,1
che,rus,1
che,xcl,5
chn,eng,5
chn,fra,1
cho,eng,2
cho,frc,1
chr,chr,24
chr,eng,2
chu,bel,5
chu,bul,11
chu,ces,6
chu,chu,880
chu,goh,2
chu,got,8
chu,grc,12
chu,hbs,15
chu,lat,5
chu,mkd,7
chu,non,1
chu,orv,3
chu,pol,6
chu,ron,1
chu,rus,44
chu,slk,2
chu,slv,4
chu,ukr,11
cic,cic,10
cic,eng,1
cmn,cmn,7400
cmn,deu,1
cmn,eng,75
cmn,fra,4
cmn,hun,1
cmn,jpn,41
cmn,kat,1
cmn,kor,3
cmn,mon,2
cmn,msa,5
cmn,pli,1
cmn,por,2
cmn,ron,1
cmn,rus,13
cmn,san,5
cmn,spa,1
cmn,tgl,1
cmn,tha,5
cmn,uig,6
cmn,vie,1
cmn,yue,1
cmn,zsm,3
cop,egy,1
cop,eng,1
cop,grc,1
cor,cor,1132
cor,eng,2
cor,lat,25
cor,oco,5
cor,wlm,1
cre,cre,2
cre,eng,3
crh,ara,16
crh,crh,160
crh,deu,27
crh,ell,2
crh,eng,23
crh,fas,19
crh,fra,60
crh,grc,3
crh,hye,1
crh,ita,8
crh,lat,55
crh,nld,3
crh,rus,50
crh,spa,3
crh,swe,1
crh,ukr,1
crh,xcl,3
csb,csb,4
csb,deu,1
cym,cym,2164
cym,eng,49
cym,gla,1
cym,grc,1
cym,lat,47
cym,owl,23
cym,sga,6
cym,wlm,30
dan,ang,2
dan,ara,1
dan,cat,1
dan,ces,1
dan,dan,48023
dan,deu,147
dan,dum,2
dan,ell,1
dan,eng,131
dan,est,2
dan,fao,15
dan,fin,6
dan,fra,295
dan,fro,4
dan,gle,1
dan,gml,239
dan,goh,2
dan,grc,66
dan,gsw,1
dan,heb,4
dan,hun,1
dan,isl,71
dan,ita,33
dan,kal,40
dan,lat,247
dan,mri,1
dan,nds,5
dan,nld,15
dan,nno,2
dan,nob,19
dan,non,1132
dan,nor,11
dan,ofs,1
dan,osx,3
dan,pol,4
dan,por,3
dan,rus,4
dan,slk,1
dan,slv,1
dan,spa,11
dan,swe,23
dan,vol,1
del,eng,1
dep,eng,1
deu,afr,3
deu,ara,3
deu,bar,5
deu,bul,8
deu,cat,2
deu,ces,42
deu,cmn,1
deu,crh,27
deu,csb,1
deu,dan,147
deu,deu,173297
deu,dsb,6
deu,dum,3
deu,ell,2
deu,eng,460
deu,enm,2
deu,epo,93
deu,est,24
deu,fao,2
deu,fas,3
deu,fin,25
deu,fra,835
deu,frm,3
deu,fro,10
deu,gle,4
deu,gmh,384
deu,gml,18
deu,goh,1213
deu,grc,34
deu,gsw,2
deu,hbs,458
deu,heb,7
deu,hsb,1
deu,hun,275
deu,hye,2
deu,ido,4
deu,isl,8
deu,ita,77
deu,jbo,1
deu,jpn,40
deu,kat,3
deu,kor,7
deu,ksh,1
deu,lat,293
deu,lav,5
deu,lim,4
deu,lit,4
deu,ltz,7
deu,mah,3
deu,mkd,5
deu,msa,3
deu,nan,1
deu,nds,1
deu,nld,35
deu,nno,1
deu,nob,18
deu,non,3
deu,nor,1
deu,oci,1
deu,odt,1
deu,ota,5
deu,p_gem,1
deu,pol,62
deu,por,18
deu,roh,4
deu,rom,2
deu,ron,34
deu,rus,148
deu,san,1
deu,scn,1
deu,slk,6
deu,slv,21
deu,sme,2
deu,spa,25
deu,sqi,1
deu,swa,1
deu,swe,39
deu,tpi,6
deu,tur,11
deu,ukr,1
deu,vec,1
deu,vol,10
deu,wym,3
deu,yid,17
div,eng,2
dsb,deu,6
dsb,dsb,498
dsb,fra,1
dsb,gml,1
dsb,heb,1
dsb,pol,1
dtd,eng,1
dum,dan,2
dum,deu,3
dum,dum,83
dum,eng,25
dum,enm,8
dum,fra,22
dum,frm,6
dum,fro,25
dum,fry,1
dum,gmh,2
dum,gml,1
dum,lat,17
dum,nld,825
dum,non,1
dum,odt,249
dum,ofs,2
dum,pdt,1
dum,stg,1
efi,spa,1
egy,cop,1
egy,egy,373
egy,eng,10
egy,gmy,1
egy,grc,4
egy,heb,2
ell,ara,5
ell,arn,1
ell,bul,2
ell,crh,2
ell,dan,1
ell,deu,2
ell,ell,6651
ell,eng,91
ell,fas,2
ell,fra,96
ell,gle,1
ell,grc,664
ell,hbs,19
ell,heb,1
ell,hye,1
ell,isl,1
ell,ita,68
ell,jpn,2
ell,kat,4
ell,kor,2
ell,lad,1
ell,lat,33
ell,mkd,2
ell,msa,1
ell,oss,1
ell,ota,24
ell,por,2
ell,rom,8
ell,ron,65
ell,rup,20
ell,rus,16
ell,slv,1
ell,spa,7
ell,sqi,8
ell,tur,91
ell,vec,20
emn,eng,1
emn,fro,1
eng,aaq,2
eng,abe,2
eng,adt,1
eng,afr,44
eng,aii,3
eng,akk,8
eng,akz,3
eng,ale,3
eng,alq,1
eng,amh,6
eng,amj,1
eng,ang,1050
eng,apw,1
eng,ara,307
eng,arn,4
eng,ary,6
eng,arz,4
eng,ase,1
eng,auc,1
eng,ave,16
eng,aze,3
eng,bak,2
eng,bdy,1
eng,bel,2
eng,ben,106
eng,bft,1
eng,bis,2
eng,bod,14
eng,bre,4
eng,bul,7
eng,byn,1
eng,cat,46
eng,ces,58
eng,chc,1
eng,chn,5
eng,cho,2
eng,chr,2
eng,cic,1
eng,cmn,75
eng,cop,1
eng,cor,2
eng,cre,3
eng,crh,23
eng,cym,49
eng,dan,131
eng,del,1
eng,dep,1
eng,deu,460
eng,div,2
eng,dtd,1
eng,dum,25
eng,egy,10
eng,ell,91
eng,emn,1
eng,eng,963071
eng,enm,4458
eng,enn,1
eng,epo,83
eng,ess,1
eng,est,9
eng,eus,1
eng,fao,8
eng,fas,124
eng,fij,1
eng,fin,156
eng,fon,1
eng,fra,2904
eng,frc,1
eng,frm,440
eng,fro,1390
eng,gae,1
eng,gez,1
eng,gil,1
eng,gla,70
eng,gle,253
eng,glg,8
eng,glv,27
eng,gmh,3
eng,gml,10
eng,goh,1
eng,got,1
eng,grc,1763
eng,guj,4
eng,gul,2
eng,gwi,1
eng,hak,1
eng,hat,2
eng,haw,109
eng,hbs,407
eng,heb,303
eng,hif,70
eng,hin,155
eng,hit,1
eng,hop,4
eng,hun,83
eng,hur,1
eng,hye,89
eng,idb,1
eng,ido,1
eng,ike,5
eng,ikt,1
eng,iku,10
eng,ind,27
eng,inz,1
eng,ipk,3
eng,isl,86
eng,ita,437
eng,jam,1
eng,jbo,4
eng,jpn,848
eng,kal,2
eng,kan,3
eng,kat,32
eng,kaz,2
eng,khm,2
eng,kin,1
eng,kju,1
eng,kky,7
eng,kld,15
eng,kok,1
eng,kon,2
eng,kor,82
eng,kri,1
eng,krl,1
eng,kur,2
eng,lad,1
eng,lao,7
eng,lat,6670
eng,lav,18
eng,lim,1
eng,lit,13
eng,lkt,1
eng,lou,2
eng,ltz,2
eng,lug,3
eng,luo,1
eng,lut,1
eng,mah,5
eng,mak,1
eng,mal,5
eng,mar,8
eng,mas,1
eng,mbc,1
eng,mic,1
eng,mkd,4
eng,mlt,22
eng,mnc,1
eng,mnk,2
eng,moh,1
eng,mon,8
eng,mri,49
eng,msa,107
eng,mwl,1
eng,mya,6
eng,nah,15
eng,nan,1
eng,nap,1
eng,naq,3
eng,nav,33
eng,nci,9
eng,ndo,1
eng,nep,4
eng,nld,229
eng,nno,3
eng,nob,34
eng,non,143
eng,nor,13
eng,nov,1
eng,nys,4
eng,oci,1
eng,odt,1
eng,oji,9
eng,ood,1
eng,ori,1
eng,ota,2
eng,p_sla,1
eng,pan,5
eng,pau,1
eng,peo,4
eng,phn,1
eng,pim,6
eng,pis,2
eng,pjt,2
eng,pli,3
eng,pml,1
eng,pol,120
eng,por,187
eng,pus,7
eng,quc,1
eng,que,7
eng,rap,4
eng,rme,3
eng,rmq,1
eng,roh,1
eng,rom,11
eng,ron,34
eng,rop,2
eng,rue,1
eng,rus,345
eng,san,257
eng,scn,1
eng,sco,60
eng,see,1
eng,sga,8
eng,shh,1
eng,sin,1
eng,slk,10
eng,slv,8
eng,smo,8
eng,sna,2
eng,sot,1
eng,spa,529
eng,sqi,7
eng,srn,36
eng,srs,1
eng,sth,1
eng,sux,1
eng,swa,14
eng,swe,80
eng,syc,1
eng,tah,3
eng,tam,10
eng,tat,1
eng,tcs,59
eng,tcy,3
eng,tel,4
eng,tgk,2
eng,tgl,17
eng,tha,55
eng,tir,2
eng,tiv,1
eng,tnq,3
eng,ton,3
eng,tpi,425
eng,tsn,13
eng,tur,166
eng,twf,13
eng,twi,1
eng,uig,1
eng,ukr,43
eng,umb,1
eng,urd,45
eng,uzb,1
eng,vec,2
eng,vie,8
eng,vma,2
eng,vol,23
eng,wam,3
eng,wit,2
eng,wol,1
eng,wrh,7
eng,xaa,1
eng,xcl,4
eng,xho,4
eng,xng,1
eng,xno,339
eng,xnt,6
eng,yid,115
eng,yol,1
eng,yor,6
eng,yue,18
eng,yur,4
eng,yxg,2
eng,zku,1
eng,zsm,314
eng,zul,19
enm,ang,1389
enm,arg,2
enm,cat,1
enm,deu,2
enm,dum,8
enm,eng,4458
enm,enm,1035
enm,fra,13
enm,frm,62
enm,fro,513
enm,gle,12
enm,glv,2
enm,gml,2
enm,grc,2
enm,isl,1
enm,ita,1
enm,jpn,1
enm,lat,85
enm,mga,4
enm,nld,4
enm,non,82
enm,nor,1
enm,ofs,1
enm,sco,44
enm,xno,151
enm,xon,1
enn,eng,1
epo,ang,1
epo,ara,1
epo,ces,1
epo,deu,93
epo,eng,83
epo,epo,206760
epo,fas,1
epo,fra,150
epo,fro,1
epo,grc,17
epo,heb,2
epo,hin,1
epo,ido,55
epo,ita,52
epo,jbo,1
epo,jpn,12
epo,lat,219
epo,msa,1
epo,nld,4
epo,pol,7
epo,por,1
epo,rus,6
epo,san,6
epo,spa,11
epo,yid,1
ess,eng,1
est,dan,2
est,deu,24
est,eng,9
est,est,3120
est,fao,1
est,fin,2
est,fra,2
est,gml,3
est,grc,3
est,ita,1
est,lat,10
est,lav,1
est,lit,2
est,nld,1
est,non,4
est,orv,1
est,rus,3
est,spa,1
est,swe,4
ett,grc,1
ett,lat,2
eus,cat,2
eus,eng,1
eus,eus,688
eus,fra,1
eus,grc,7
eus,lat,8
eus,spa,24
evn,rus,1
ewe,ewe,228
ewe,heb,1
fao,ang,2
fao,dan,15
fao,deu,2
fao,eng,8
fao,est,1
fao,fao,2855
fao,fin,1
fao,fra,1
fao,gml,2
fao,grc,2
fao,hun,1
fao,isl,5
fao,ita,1
fao,lat,5
fao,nob,1
fao,non,647
fao,sga,1
fao,slk,2
fao,spa,1
fas,akk,1
fas,ara,676
fas,arz,6
fas,ave,8
fas,aze,80
fas,bak,12
fas,ben,11
fas,bul,2
fas,cat,1
fas,che,1
fas,crh,19
fas,deu,3
fas,ell,2
fas,eng,124
fas,epo,1
fas,fas,6249
fas,fra,188
fas,fro,1
fas,grc,9
fas,guj,13
fas,hbs,16
fas,heb,1
fas,hin,294
fas,hun,2
fas,hye,55
fas,ita,5
fas,jpn,2
fas,kan,1
fas,kat,104
fas,kaz,12
fas,kir,36
fas,kum,2
fas,kur,1
fas,lat,3
fas,mar,6
fas,mon,2
fas,msa,3
fas,nep,3
fas,oss,3
fas,ota,181
fas,pal,208
fas,pan,22
fas,peo,6
fas,pol,2
fas,por,4
fas,pus,3
fas,rus,19
fas,san,14
fas,sat,1
fas,spa,2
fas,sqi,1
fas,syc,5
fas,tat,5
fas,tel,8
fas,tgk,1
fas,tuk,6
fas,tur,274
fas,uig,10
fas,urd,309
fas,uzb,28
fas,xcl,13
fas,zsm,19
fij,eng,1
fij,fij,15
fij,hif,1
fin,afr,1
fin,ara,1
fin,cat,1
fin,ces,2
fin,dan,6
fin,deu,25
fin,eng,156
fin,est,2
fin,fao,1
fin,fin,211748
fin,fra,25
fin,gml,1
fin,got,1
fin,grc,13
fin,hbs,2
fin,hun,1
fin,iku,1
fin,isl,1
fin,ita,12
fin,jpn,5
fin,kor,1
fin,lat,50
fin,lav,1
fin,msa,3
fin,nah,1
fin,nld,3
fin,non,11
fin,nor,1
fin,orv,2
fin,pol,1
fin,por,1
fin,rmf,2
fin,rus,105
fin,san,1
fin,slk,1
fin,sme,4
fin,spa,5
fin,swe,292
fin,tur,4
fin,zul,1
fon,eng,1
fon,hat,1
fra,afr,2
fra,aii,1
fra,alq,1
fra,amh,2
fra,ang,4
fra,ara,56
fra,arq,2
fra,ary,7
fra,arz,1
fra,aze,3
fra,bod,1
fra,bre,18
fra,bul,10
fra,cat,68
fra,ces,62
fra,chn,1
fra,cmn,4
fra,crh,60
fra,dan,295
fra,deu,835
fra,dsb,1
fra,dum,22
fra,ell,96
fra,eng,2904
fra,enm,13
fra,epo,150
fra,est,2
fra,eus,1
fra,fao,1
fra,fas,188
fra,fin,25
fra,fra,538150
fra,frm,297
fra,fro,829
fra,frp,3
fra,fry,3
fra,fur,1
fra,gle,9
fra,glg,8
fra,gmh,6
fra,gml,3
fra,goh,3
fra,grc,191
fra,grn,1
fra,gsw,2
fra,gwi,1
fra,hat,622
fra,haw,1
fra,hbs,173
fra,heb,11
fra,hin,4
fra,hsb,1
fra,hun,36
fra,hye,11
fra,ido,11
fra,ike,1
fra,ikt,1
fra,iku,2
fra,ina,10
fra,isl,8
fra,ita,398
fra,jpn,52
fra,kat,9
fra,khm,1
fra,kky,1
fra,kor,6
fra,lad,10
fra,lao,6
fra,lat,2902
fra,lav,4
fra,lij,2
fra,lim,28
fra,lit,1
fra,ltz,38
fra,lua,1
fra,mfr,1
fra,mkd,5
fra,mlg,3
fra,mlt,1
fra,mnk,1
fra,moe,2
fra,msa,7
fra,nan,1
fra,nap,10
fra,nci,1
fra,nld,303
fra,nno,8
fra,nob,37
fra,non,11
fra,nor,4
fra,oci,38
fra,odt,1
fra,oji,2
fra,osp,1
fra,ota,8
fra,pcd,4
fra,phn,1
fra,pli,1
fra,pol,97
fra,por,163
fra,pro,27
fra,roh,6
fra,rom,2
fra,ron,780
fra,rus,244
fra,san,2
fra,scn,8
fra,sco,3
fra,slk,3
fra,slv,3
fra,spa,335
fra,sqi,9
fra,swe,71
fra,tah,1
fra,tel,2
fra,tgk,1
fra,tha,7
fra,tpw,1
fra,tur,576
fra,twf,1
fra,ukr,3
fra,umu,1
fra,vec,2
fra,vie,24
fra,vol,21
fra,wym,5
fra,xaa,1
fra,xcl,1
fra,xno,2
fra,yid,2
fra,zul,1
frc,cho,1
frc,eng,1
frk,fro,4
frk,goh,1
frk,wln,1
frm,ara,3
frm,cat,3
frm,ces,1
frm,deu,3
frm,dum,6
frm,eng,440
frm,enm,62
frm,fra,297
frm,frm,1660
frm,fro,512
frm,gle,5
frm,gml,1
frm,grc,7
frm,ita,28
frm,lat,394
frm,msa,1
frm,nld,6
frm,por,7
frm,pro,5
frm,spa,8
frm,xno,2
fro,ang,14
fro,ara,10
fro,bre,8
fro,cat,10
fro,dan,4
fro,deu,10
fro,dum,25
fro,emn,1
fro,eng,1390
fro,enm,513
fro,epo,1
fro,fas,1
fro,fra,831
fro,frk,4
fro,frm,512
fro,fro,3127
fro,gla,1
fro,gle,29
fro,glg,1
fro,glv,3
fro,gmh,4
fro,gml,10
fro,goh,6
fro,grc,8
fro,hbs,2
fro,hun,3
fro,ina,1
fro,ita,40
fro,lat,1858
fro,mga,3
fro,mlt,1
fro,msa,1
fro,nap,2
fro,nld,15
fro,nob,1
fro,non,10
fro,oci,3
fro,odt,2
fro,osx,1
fro,pol,1
fro,por,21
fro,pro,4
fro,roh,2
fro,ron,1
fro,rus,1
fro,sco,13
fro,sga,1
fro,spa,26
fro,swe,3
fro,tur,2
fro,wln,83
fro,xbm,1
fro,xno,144
fro,xon,1
fro,xtg,1
fro,yid,2
frp,fra,3
frp,gle,1
frp,ita,1
frp,lat,2
frp,wln,1
fry,dum,1
fry,fra,3
fry,fry,252
fry,grc,1
fry,lat,2
fry,nld,4
fry,odt,2
fry,ofs,96
fur,fra,1
fur,fur,60
fur,hbs,1
fur,lat,22
gae,eng,1
gez,eng,1
gil,eng,1
gla,ang,2
gla,ces,1
gla,cym,1
gla,eng,70
gla,fro,1
gla,gla,28137
gla,gle,13
gla,glv,4
gla,grc,1
gla,heb,1
gla,kat,1
gla,lat,10
gla,mga,32
gla,non,4
gla,sco,11
gla,sga,652
gle,ang,3
gle,ara,2
gle,dan,1
gle,deu,4
gle,ell,1
gle,eng,253
gle,enm,12
gle,fra,9
gle,frm,5
gle,fro,29
gle,frp,1
gle,gla,13
gle,gle,31875
gle,glv,1
gle,grc,54
gle,heb,5
gle,ind,1
gle,isl,1
gle,ita,1
gle,lat,79
gle,mga,75
gle,msa,1
gle,nld,1
gle,non,14
gle,pli,1
gle,rom,1
gle,san,7
gle,sga,1138
gle,spa,2
gle,xno,8
glg,ara,3
glg,eng,8
glg,fra,8
glg,fro,1
glg,glg,36140
glg,grc,6
glg,ita,3
glg,jpn,1
glg,lat,624
glg,nah,2
glg,oci,1
glg,por,4
glg,pro,1
glg,spa,5
glv,ang,2
glv,eng,27
glv,enm,2
glv,fro,3
glv,gla,4
glv,gle,1
glv,glv,19897
glv,lat,5
glv,mga,24
glv,non,4
glv,sga,564
gmh,ara,1
gmh,bar,1
gmh,ces,3
gmh,deu,384
gmh,dum,2
gmh,eng,3
gmh,fra,6
gmh,fro,4
gmh,gmh,8
gmh,gml,1
gmh,goh,194
gmh,hbs,4
gmh,hun,8
gmh,ita,1
gmh,lat,7
gmh,ltz,1
gmh,nld,3
gmh,pol,7
gmh,slv,6
gmh,swe,1
gmh,wym,25
gmh,yid,36
gml,ang,1
gml,dan,239
gml,deu,18
gml,dsb,1
gml,dum,1
gml,eng,10
gml,enm,2
gml,est,3
gml,fao,2
gml,fin,1
gml,fra,3
gml,frm,1
gml,fro,10
gml,gmh,1
gml,gml,66
gml,goh,1
gml,isl,10
gml,ita,1
gml,lat,29
gml,nld,1
gml,nno,8
gml,nob,27
gml,non,28
gml,nor,2
gml,osx,38
gml,p_gem,1
gml,pox,2
gml,swe,29
gmy,egy,1
gmy,gmy,2
gmy,grc,2
goh,ces,5
goh,chu,2
goh,dan,2
goh,deu,1213
goh,eng,1
goh,fra,3
goh,fro,6
goh,gmh,194
goh,gml,1
goh,goh,290
goh,grc,1
goh,hbs,10
goh,hun,3
goh,ita,3
goh,lat,78
goh,lim,1
goh,ltz,63
goh,nld,2
goh,nob,1
goh,p_gem,3
goh,pol,3
goh,por,1
goh,roh,3
goh,rus,1
goh,slk,1
goh,slv,1
goh,swe,1
goh,wln,3
goh,wym,70
goh,xno,1
goh,yid,257
got,cat,1
got,chu,8
got,eng,1
got,fin,1
got,got,506
got,grc,8
got,lat,7
got,lit,1
got,por,8
got,prg,1
got,pro,1
got,rus,1
got,spa,4
grc,aii,10
grc,akk,2
grc,ang,2
grc,ara,23
grc,arz,1
grc,ast,5
grc,ave,2
grc,aze,2
grc,bel,2
grc,bre,4
grc,bul,11
grc,cat,52
grc,ces,15
grc,chu,12
grc,cop,1
grc,crh,3
grc,cym,1
grc,dan,66
grc,deu,34
grc,egy,4
grc,ell,664
grc,eng,1763
grc,enm,2
grc,epo,17
grc,est,3
grc,ett,1
grc,eus,7
grc,fao,2
grc,fas,9
grc,fin,13
grc,fra,191
grc,frm,7
grc,fro,8
grc,fry,1
grc,gla,1
grc,gle,54
grc,glg,6
grc,gmy,2
grc,goh,1
grc,got,8
grc,grc,7750
grc,grv,1
grc,hbs,117
grc,heb,75
grc,hin,2
grc,hun,52
grc,hye,49
grc,ind,1
grc,isl,21
grc,ita,77
grc,jav,1
grc,jpn,7
grc,kat,15
grc,kor,1
grc,kur,1
grc,lad,1
grc,lat,1839
grc,lav,28
grc,lit,38
grc,ltz,2
grc,mkd,6
grc,mlt,1
grc,nap,1
grc,nld,25
grc,nno,3
grc,nob,16
grc,non,1
grc,nor,1
grc,orv,1
grc,ota,3
grc,pal,2
grc,peo,14
grc,phn,7
grc,pli,1
grc,pol,48
grc,por,94
grc,pro,1
grc,que,1
grc,ron,12
grc,rup,1
grc,rus,84
grc,san,7
grc,scn,17
grc,sco,1
grc,slk,5
grc,slv,11
grc,spa,241
grc,sqi,7
grc,swe,13
grc,syc,184
grc,tel,6
grc,tgk,1
grc,tgl,1
grc,tur,9
grc,ukr,7
grc,urd,1
grc,vol,1
grc,xcl,162
grc,xno,2
grc,zsm,2
grn,fra,1
grn,por,2
grn,spa,4
grv,grc,1
grv,lat,1
gsw,dan,1
gsw,deu,2
gsw,fra,2
gug,por,1
guj,ara,5
guj,eng,4
guj,fas,13
guj,guj,61
guj,hin,1
guj,mlt,1
guj,por,2
guj,san,53
gul,eng,2
gwi,eng,1
gwi,fra,1
hak,eng,1
hat,eng,2
hat,fon,1
hat,fra,622
hat,hat,117
hat,kon,1
hau,ara,2
haw,eng,109
haw,fra,1
haw,haw,697
haw,jpn,1
hbs,ara,6
hbs,bod,2
hbs,bul,1
hbs,cat,1
hbs,ces,10
hbs,chu,15
hbs,deu,458
hbs,ell,19
hbs,eng,407
hbs,fas,16
hbs,fin,2
hbs,fra,173
hbs,fro,2
hbs,fur,1
hbs,gmh,4
hbs,goh,10
hbs,grc,117
hbs,hbs,32569
hbs,heb,4
hbs,hun,106
hbs,isl,1
hbs,ita,127
hbs,jpn,12
hbs,lat,212
hbs,mkd,1
hbs,nld,1
hbs,non,1
hbs,ota,498
hbs,pol,2
hbs,por,1
hbs,rom,2
hbs,ron,17
hbs,ruo,1
hbs,rus,40
hbs,san,9
hbs,slv,6
hbs,spa,13
hbs,sqi,7
hbs,tur,313
hbs,vec,12
heb,aii,9
heb,akk,1
heb,ara,25
heb,bel,1
heb,cat,3
heb,ces,2
heb,dan,4
heb,deu,7
heb,dsb,1
heb,egy,2
heb,ell,1
heb,eng,303
heb,epo,2
heb,ewe,1
heb,fas,1
heb,fra,11
heb,gla,1
heb,gle,5
heb,grc,75
heb,hbs,4
heb,heb,2510
heb,hin,8
heb,hsb,1
heb,hun,2
heb,hye,1
heb,isl,2
heb,ita,3
heb,jpn,1
heb,kat,1
heb,lad,42
heb,lat,8
heb,mal,1
heb,msa,1
heb,nld,1
heb,nob,2
heb,peo,1
heb,pol,13
heb,ron,2
heb,rus,11
heb,slk,2
heb,spa,3
heb,sux,1
heb,swe,2
heb,syc,36
heb,tur,1
heb,vol,1
heb,xcl,1
heb,yid,101
hif,eng,70
hif,fij,1
hif,san,1
hil,hil,102
hil,ita,1
hil,msa,1
hil,spa,176
hin,ara,128
hin,eng,155
hin,epo,1
hin,fas,294
hin,fra,4
hin,grc,2
hin,guj,1
hin,heb,8
hin,hin,1540
hin,hun,1
hin,hye,4
hin,ita,1
hin,kat,1
hin,lat,1
hin,msa,2
hin,nld,1
hin,pol,1
hin,por,11
hin,rhg,3
hin,rus,3
hin,san,653
hin,spa,1
hin,tam,1
hin,tel,6
hin,tha,1
hin,tur,1
hin,urd,2
hit,eng,1
hit,hit,14
hit,xcl,1
hop,eng,4
hsb,deu,1
hsb,fra,1
hsb,heb,1
hsb,hsb,12
hsb,lat,1
hun,ara,7
hun,bar,16
hun,ben,1
hun,bod,1
hun,bul,5
hun,cat,1
hun,ces,10
hun,cmn,1
hun,dan,1
hun,deu,275
hun,eng,83
hun,fao,1
hun,fas,2
hun,fin,1
hun,fra,36
hun,fro,3
hun,gmh,8
hun,goh,3
hun,grc,52
hun,hbs,106
hun,heb,2
hun,hin,1
hun,hun,62584
hun,ita,18
hun,jpn,13
hun,lat,205
hun,lit,2
hun,mkd,1
hun,mon,1
hun,msa,1
hun,mya,1
hun,nah,1
hun,nld,1
hun,non,1
hun,oss,1
hun,ota,59
hun,p_sla,1
hun,pol,10
hun,por,1
hun,rom,11
hun,ron,61
hun,rus,16
hun,san,3
hun,slk,14
hun,slv,11
hun,spa,2
hun,tur,10
hun,ukr,5
hun,yid,3
hur,eng,1
hye,ara,24
hye,axm,6
hye,aze,12
hye,bul,1
hye,crh,1
hye,deu,2
hye,ell,1
hye,eng,89
hye,fas,55
hye,fra,11
hye,grc,49
hye,heb,1
hye,hin,4
hye,hye,6547
hye,ita,5
hye,kat,51
hye,kur,23
hye,lat,58
hye,msa,2
hye,oss,4
hye,ota,16
hye,pal,2
hye,por,1
hye,rom,10
hye,ron,1
hye,rus,197
hye,san,3
hye,spa,2
hye,swe,1
hye,syc,4
hye,tgl,1
hye,tur,78
hye,xcl,812
idb,eng,1
ido,deu,4
ido,eng,1
ido,epo,55
ido,fra,11
ido,ido,6115
ido,ita,1
ido,lat,19
ido,por,1
ike,eng,5
ike,fra,1
ikt,eng,1
ikt,fra,1
ikt,ita,1
iku,eng,10
iku,fin,1
iku,fra,2
iku,iku,40
ina,fra,10
ina,fro,1
ina,ina,618
ina,ita,9
ina,lat,34
ina,non,1
ina,spa,1
ind,afr,1
ind,ara,24
ind,eng,27
ind,gle,1
ind,grc,1
ind,ind,859
ind,jav,2
ind,kaw,1
ind,msa,399
ind,nan,1
ind,nld,92
ind,por,2
ind,san,18
ind,tam,1
ind,zsm,2
inz,eng,1
ipk,eng,3
isl,ang,2
isl,ces,1
isl,dan,71
isl,deu,8
isl,ell,1
isl,eng,86
isl,enm,1
isl,fao,5
isl,fin,1
isl,fra,8
isl,gle,1
isl,gml,10
isl,grc,21
isl,hbs,1
isl,heb,2
isl,isl,32779
isl,ita,13
isl,jpn,2
isl,kor,1
isl,lat,62
isl,nld,2
isl,non,1404
isl,rus,1
isl,san,1
isl,sga,2
isl,spa,1
isl,swe,2
ita,afr,1
ita,ara,29
ita,ayl,2
ita,aze,1
ita,bul,5
ita,cat,24
ita,ces,6
ita,crh,8
ita,dan,33
ita,deu,77
ita,ell,68
ita,eng,437
ita,enm,1
ita,epo,52
ita,est,1
ita,fao,1
ita,fas,5
ita,fin,12
ita,fra,398
ita,frm,28
ita,fro,40
ita,frp,1
ita,gle,1
ita,glg,3
ita,gmh,1
ita,gml,1
ita,goh,3
ita,grc,77
ita,hbs,127
ita,heb,3
ita,hil,1
ita,hin,1
ita,hun,18
ita,hye,5
ita,ido,1
ita,ikt,1
ita,ina,9
ita,isl,13
ita,ita,971685
ita,jpn,9
ita,kat,1
ita,kky,1
ita,kor,2
ita,lad,8
ita,lat,3501
ita,lmo,1
ita,lng,2
ita,mkd,4
ita,mlt,153
ita,msa,3
ita,nap,2
ita,nld,15
ita,nob,5
ita,nor,1
ita,nov,1
ita,oci,3
ita,ota,3
ita,pol,38
ita,por,56
ita,pro,13
ita,roh,1
ita,ron,50
ita,rup,2
ita,rus,29
ita,scn,12
ita,slk,1
ita,slv,8
ita,spa,94
ita,sqi,1
ita,srd,1
ita,swe,4
ita,tur,71
ita,ukr,2
ita,vec,9
ita,yid,1
ita,zul,1
jam,eng,1
jam,nld,1
jav,grc,1
jav,ind,2
jav,jav,10
jav,kaw,20
jav,msa,8
jav,por,1
jav,san,1
jav,zsm,22
jbo,deu,1
jbo,eng,4
jbo,epo,1
jbo,jbo,278
jbo,lat,2
jpn,ain,5
jpn,aze,3
jpn,bul,2
jpn,cat,3
jpn,cmn,41
jpn,deu,40
jpn,ell,2
jpn,eng,848
jpn,enm,1
jpn,epo,12
jpn,fas,2
jpn,fin,5
jpn,fra,52
jpn,glg,1
jpn,grc,7
jpn,haw,1
jpn,hbs,12
jpn,heb,1
jpn,hun,13
jpn,isl,2
jpn,ita,9
jpn,jpn,23824
jpn,kat,1
jpn,kor,14
jpn,lat,11
jpn,ltc,3
jpn,mah,2
jpn,mkd,1
jpn,msa,2
jpn,nan,6
jpn,nld,21
jpn,pol,28
jpn,por,27
jpn,ron,1
jpn,rus,99
jpn,ryu,1
jpn,san,8
jpn,scn,5
jpn,spa,17
jpn,swe,1
jpn,tha,2
jpn,tur,1
jpn,zsm,2
kal,dan,40
kal,eng,2
kal,kal,701
kal,non,1
kan,ben,1
kan,eng,3
kan,fas,1
kan,kan,34
kan,msa,1
kan,san,17
kan,zsm,2
kat,ara,23
kat,aze,1
kat,bod,1
kat,che,1
kat,cmn,1
kat,deu,3
kat,ell,4
kat,eng,32
kat,fas,104
kat,fra,9
kat,gla,1
kat,grc,15
kat,heb,1
kat,hin,1
kat,hye,51
kat,ita,1
kat,jpn,1
kat,kat,10168
kat,lat,4
kat,msa,1
kat,nld,1
kat,oge,3
kat,oss,2
kat,pal,6
kat,rus,35
kat,san,1
kat,tur,15
kat,xcl,148
kaw,ind,1
kaw,jav,20
kaw,msa,2
kaz,ara,2
kaz,eng,2
kaz,fas,12
kaz,mon,1
kaz,rus,3
kbd,rus,1
khm,eng,2
khm,fra,1
khm,khm,57
khm,lao,3
khm,msa,1
khm,pli,1
khm,san,11
khm,tha,11
kin,eng,1
kir,ara,1
kir,fas,36
kir,mon,1
kir,rus,2
kir,tur,2
kjh,kjh,12
kju,eng,1
kky,eng,7
kky,fra,1
kky,ita,1
kky,kky,6
kld,eng,15
kld,kld,21
kmb,por,3
kok,eng,1
kon,eng,2
kon,hat,1
kor,cmn,3
kor,deu,7
kor,ell,2
kor,eng,82
kor,fin,1
kor,fra,6
kor,grc,1
kor,isl,1
kor,ita,2
kor,jpn,14
kor,kor,5879
kor,lat,2
kor,lzh,1
kor,msa,1
kor,nob,1
kor,okm,3
kor,pol,2
kor,roh,1
kor,rus,21
kor,slk,1
kor,spa,1
kor,swe,1
kor,tel,2
kor,tha,1
kor,tur,1
kri,eng,1
kri,por,1
krl,eng,1
krl,rus,41
ksd,tpi,5
ksh,deu,1
kum,fas,2
kur,ara,8
kur,aze,1
kur,eng,2
kur,fas,1
kur,grc,1
kur,hye,23
kur,kur,2223
kur,ota,1
kur,rus,1
kur,tur,3
kur,xcl,18
kzj,zsm,1
lad,ara,6
lad,cat,1
lad,ell,1
lad,eng,1
lad,fra,10
lad,grc,1
lad,heb,42
lad,ita,8
lad,lad,428
lad,lat,104
lad,osp,23
lad,por,3
lad,spa,2
lad,tur,45
lao,eng,7
lao,fra,6
lao,khm,3
lao,lao,116
lao,msa,1
lao,nld,1
lao,pli,4
lao,san,5
lao,tha,3
lat,aii,1
lat,ang,79
lat,ara,39
lat,arg,50
lat,arn,1
lat,ast,253
lat,aze,1
lat,bar,1
lat,bel,1
lat,ben,1
lat,bre,42
lat,bul,7
lat,cat,1749
lat,ces,49
lat,che,1
lat,chu,5
lat,cor,25
lat,crh,55
lat,cym,47
lat,dan,247
lat,deu,293
lat,dum,17
lat,ell,33
lat,eng,6670
lat,enm,85
lat,epo,219
lat,est,10
lat,ett,2
lat,eus,8
lat,fao,5
lat,fas,3
lat,fin,50
lat,fra,2902
lat,frk,1
lat,frm,394
lat,fro,1858
lat,frp,2
lat,fry,2
lat,fur,22
lat,gla,10
lat,gle,79
lat,glg,624
lat,glv,5
lat,gmh,7
lat,gml,29
lat,goh,78
lat,got,7
lat,grc,1839
lat,grv,1
lat,hbs,212
lat,heb,8
lat,hin,1
lat,hsb,1
lat,hun,205
lat,hye,58
lat,ido,19
lat,ina,34
lat,isl,62
lat,ita,3501
lat,jbo,2
lat,jpn,11
lat,kat,4
lat,kor,2
lat,lad,104
lat,lat,1264256
lat,lav,49
lat,lim,1
lat,lit,4
lat,lld,1
lat,ltz,2
lat,mal,1
lat,mga,2
lat,mkd,9
lat,mlt,18
lat,msa,3
lat,mxi,1
lat,nap,144
lat,nci,2
lat,nld,161
lat,nno,7
lat,nob,73
lat,non,32
lat,nor,1
lat,nov,2
lat,obt,1
lat,oci,411
lat,odt,5
lat,ofs,1
lat,orv,1
lat,osp,44
lat,osx,7
lat,owl,2
lat,pap,2
lat,phn,2
lat,pol,111
lat,por,1837
lat,pro,170
lat,roh,786
lat,rom,2
lat,ron,1433
lat,ruo,32
lat,rup,654
lat,rus,85
lat,scn,383
lat,sco,13
lat,sga,163
lat,slk,14
lat,slv,18
lat,smo,1
lat,sms,1
lat,spa,3528
lat,sqi,228
lat,srd,27
lat,swe,82
lat,syc,8
lat,tel,26
lat,tnq,1
lat,tpi,2
lat,tpw,1
lat,tuk,1
lat,tur,5
lat,ukr,1
lat,vec,109
lat,vie,1
lat,vol,7
lat,wlm,2
lat,wln,47
lat,wym,5
lat,xaa,3
lat,xce,1
lat,xcl,5
lat,xmb,1
lat,xno,508
lat,yid,5
lat,zsm,17
lav,ara,4
lav,ces,1
lav,deu,5
lav,eng,18
lav,est,1
lav,fin,1
lav,fra,4
lav,grc,28
lav,lat,49
lav,lav,11231
lav,lit,1
lav,pol,1
lav,rus,5
lav,san,1
lav,spa,1
lav,swe,2
lij,fra,2
lij,lij,2
lim,deu,4
lim,eng,1
lim,fra,28
lim,goh,1
lim,lat,1
lim,lim,46
lim,nld,2
lim,odt,1
lim,wln,1
lin,lin,2
lin,por,3
lit,bel,1
lit,deu,4
lit,eng,13
lit,est,2
lit,fra,1
lit,got,1
lit,grc,38
lit,hun,2
lit,lat,4
lit,lav,1
lit,lit,5364
lit,pol,2
lit,ron,1
lit,rus,1
lit,san,1
lit,spa,2
lit,sqi,1
lit,tha,1
liv,liv,40
lkt,eng,1
lkt,lkt,6
lld,lat,1
lmo,ita,1
lmo,pol,1
lng,ita,2
lou,eng,2
ltc,jpn,3
ltc,ota,1
ltc,vie,6
ltz,deu,7
ltz,eng,2
ltz,fra,38
ltz,gmh,1
ltz,goh,63
ltz,grc,2
ltz,lat,2
ltz,ltz,2702
ltz,nld,1
lua,fra,1
lug,eng,3
luo,eng,1
lut,eng,1
lzh,kor,1
lzh,vie,1
mah,deu,3
mah,eng,5
mah,jpn,2
mak,eng,1
mak,msa,1
mal,eng,5
mal,heb,1
mal,lat,1
mal,mal,22
mal,por,3
mal,san,6
mal,tel,1
mal,zsm,1
mar,ara,1
mar,eng,8
mar,fas,6
mar,mar,38
mar,por,4
mar,san,42
mar,tel,1
mas,eng,1
mas,swa,1
mav,por,1
mbc,eng,1
mfr,fra,1
mga,enm,4
mga,fro,3
mga,gla,32
mga,gle,75
mga,glv,24
mga,lat,2
mga,mga,6
mga,non,2
mga,sco,1
mga,sga,35
mga,xno,2
mic,eng,1
min,zsm,1
mkd,ces,1
mkd,chu,7
mkd,deu,5
mkd,ell,2
mkd,eng,4
mkd,fra,5
mkd,grc,6
mkd,hbs,1
mkd,hun,1
mkd,ita,4
mkd,jpn,1
mkd,lat,9
mkd,mkd,1198
mkd,ota,22
mkd,rus,3
mkd,san,1
mkd,sqi,1
mkd,tur,21
mkd,xno,1
mlg,fra,3
mlg,mlg,40
mlg,msa,2
mlt,ara,278
mlt,eng,22
mlt,fra,1
mlt,fro,1
mlt,grc,1
mlt,guj,1
mlt,ita,153
mlt,lat,18
mlt,mlt,1056
mlt,scn,44
mnc,eng,1
mnk,eng,2
mnk,fra,1
mod,akz,1
moe,fra,2
moh,eng,1
mon,cmn,2
mon,eng,8
mon,fas,2
mon,hun,1
mon,kaz,1
mon,kir,1
mon,mon,4
mon,por,1
mon,rus,2
mri,dan,1
mri,eng,49
mri,mri,119
mri,por,1
msa,afr,3
msa,ara,21
msa,bel,1
msa,ben,1
msa,cmn,5
msa,deu,3
msa,ell,1
msa,eng,107
msa,epo,1
msa,fas,3
msa,fin,3
msa,fra,7
msa,frm,1
msa,fro,1
msa,gle,1
msa,heb,1
msa,hil,1
msa,hin,2
msa,hun,1
msa,hye,2
msa,ind,399
msa,ita,3
msa,jav,8
msa,jpn,2
msa,kan,1
msa,kat,1
msa,kaw,2
msa,khm,1
msa,kor,1
msa,lao,1
msa,lat,3
msa,mak,1
msa,mlg,2
msa,msa,58
msa,mya,1
msa,nan,2
msa,nld,18
msa,por,16
msa,rus,2
msa,san,28
msa,spa,6
msa,tam,6
msa,tet,3
msa,tgl,5
msa,tha,3
msa,tpi,5
msa,ukr,1
msa,zsm,1264
mwl,eng,1
mwl,por,1
mxi,lat,1
mxi,spa,2
mya,eng,6
mya,hun,1
mya,msa,1
mya,mya,216
mya,nan,1
mya,pli,1
mya,por,1
mya,rus,1
mya,tha,1
myv,myv,4
nah,eng,15
nah,fin,1
nah,glg,2
nah,hun,1
nah,nah,704
nah,nci,2
nah,por,1
nah,spa,33
nah,swe,1
nan,deu,1
nan,eng,1
nan,fra,1
nan,ind,1
nan,jpn,6
nan,msa,2
nan,mya,1
nan,nan,402
nan,nld,1
nan,zsm,9
nap,ara,1
nap,eng,1
nap,fra,10
nap,fro,2
nap,grc,1
nap,ita,2
nap,lat,144
nap,nap,134
nap,spa,2
naq,eng,3
nav,eng,33
nav,nav,3355
nav,spa,20
nay,nay,15
nci,eng,9
nci,fra,1
nci,lat,2
nci,nah,2
nci,nci,3367
nci,spa,139
ndo,eng,1
nds,dan,5
nds,deu,1
nds,pol,1
nds,swe,1
nep,eng,4
nep,fas,3
nep,nep,10
nep,san,24
nld,afr,236
nld,ara,4
nld,aym,1
nld,ces,2
nld,crh,3
nld,dan,15
nld,deu,35
nld,dum,825
nld,eng,229
nld,enm,4
nld,epo,4
nld,est,1
nld,fin,3
nld,fra,303
nld,frm,6
nld,fro,15
nld,fry,4
nld,gle,1
nld,gmh,3
nld,gml,1
nld,goh,2
nld,grc,25
nld,hbs,1
nld,heb,1
nld,hin,1
nld,hun,1
nld,ind,92
nld,isl,2
nld,ita,15
nld,jam,1
nld,jpn,21
nld,kat,1
nld,lao,1
nld,lat,161
nld,lim,2
nld,ltz,1
nld,msa,18
nld,nan,1
nld,nld,121591
nld,nno,1
nld,nob,2
nld,nor,1
nld,odt,78
nld,ofs,1
nld,osx,1
nld,pol,7
nld,por,4
nld,rus,20
nld,spa,8
nld,srn,48
nld,sun,1
nld,swe,4
nld,tpi,2
nld,tur,5
nld,wln,1
nld,yid,17
nld,zsm,28
nld,zul,1
nno,ara,3
nno,dan,2
nno,deu,1
nno,eng,3
nno,fra,8
nno,gml,8
nno,grc,3
nno,lat,7
nno,nld,1
nno,nno,2730
nno,nob,10
nno,non,382
nno,nor,16
nno,tur,1
nob,ara,4
nob,dan,19
nob,deu,18
nob,eng,34
nob,fao,1
nob,fra,37
nob,fro,1
nob,gml,27
nob,goh,1
nob,grc,16
nob,heb,2
nob,ita,5
nob,kor,1
nob,lat,73
nob,nld,2
nob,nno,10
nob,nob,8499
nob,non,729
nob,nor,681
nob,osx,1
nob,rus,5
nob,san,2
nob,spa,1
nob,swa,1
nob,swe,1
nob,tur,2
nob,urd,2
non,ang,27
non,cat,1
non,ces,3
non,chu,1
non,dan,1132
non,deu,3
non,dum,1
non,eng,143
non,enm,82
non,est,4
non,fao,647
non,fin,11
non,fra,11
non,fro,10
non,gla,4
non,gle,14
non,glv,4
non,gml,28
non,grc,1
non,hbs,1
non,hun,1
non,ina,1
non,isl,1404
non,kal,1
non,lat,32
non,mga,2
non,nno,382
non,nob,729
non,non,760
non,nor,14
non,ofs,1
non,orv,4
non,osx,3
non,rus,9
non,sco,24
non,sga,20
non,slk,3
non,spa,1
non,swe,535
non,tur,1
non,ukr,1
non,xno,1
nor,cat,1
nor,dan,11
nor,deu,1
nor,eng,13
nor,enm,1
nor,fin,1
nor,fra,4
nor,gml,2
nor,grc,1
nor,ita,1
nor,lat,1
nor,nld,1
nor,nno,16
nor,nob,675
nor,non,14
nor,nor,2
nor,pol,1
nor,sme,3
nor,spa,1
nor,swe,3
nov,eng,1
nov,ita,1
nov,lat,2
nov,nov,264
nys,eng,4
obr,bre,3
obt,bre,19
obt,lat,1
obt,xbm,5
obt,xno,1
oci,ces,1
oci,deu,1
oci,eng,1
oci,fra,38
oci,fro,3
oci,glg,1
oci,ita,3
oci,lat,411
oci,oci,1111
oci,por,6
oci,pro,29
oci,ron,1
oci,spa,8
oco,cor,5
odt,deu,1
odt,dum,249
odt,eng,1
odt,fra,1
odt,fro,2
odt,fry,2
odt,lat,5
odt,lim,1
odt,nld,78
odt,odt,14
odt,osx,1
ofs,dan,1
ofs,dum,2
ofs,enm,1
ofs,fry,96
ofs,lat,1
ofs,nld,1
ofs,non,1
ofs,ofs,17
ofs,stg,3
oge,kat,3
oji,eng,9
oji,fra,2
oji,oji,388
okm,kor,3
ood,eng,1
orc,rus,1
ori,eng,1
ori,rus,1
orv,bel,5
orv,chu,3
orv,est,1
orv,fin,2
orv,grc,1
orv,lat,1
orv,non,4
orv,orv,2
orv,rue,1
orv,rus,39
orv,ukr,5
osp,fra,1
osp,lad,23
osp,lat,44
osp,osp,2
osp,spa,54
oss,ell,1
oss,fas,3
oss,hun,1
oss,hye,4
oss,kat,2
oss,oss,60
oss,rus,1
oss,xcl,4
osx,ang,1
osx,dan,3
osx,fro,1
osx,gml,38
osx,lat,7
osx,nld,1
osx,nob,1
osx,non,3
osx,odt,3
osx,osx,1645
osx,swe,2
ota,ara,155
ota,arz,4
ota,bak,1
ota,bul,19
ota,deu,5
ota,ell,24
ota,eng,2
ota,fas,181
ota,fra,8
ota,grc,3
ota,hbs,498
ota,hun,59
ota,hye,16
ota,ita,3
ota,kur,1
ota,ltc,1
ota,mkd,22
ota,ota,197
ota,pol,1
ota,por,1
ota,ron,16
ota,rus,6
ota,slv,2
ota,sqi,36
ota,tur,12
ota,xcl,2
otk,aze,1
otk,bak,19
otk,tuk,2
otk,tur,21
owl,cym,23
owl,lat,2
owl,sga,2
owl,wlm,6
p_gem,ang,4
p_gem,deu,1
p_gem,gml,1
p_gem,goh,3
p_gem,p_gem,1
p_gem,p_ine,2
p_gmw,ang,1
p_gmw,p_ine,1
p_ine,p_gem,2
p_ine,p_gmw,1
p_sla,eng,1
p_sla,hun,1
p_sla,ron,122
pal,ara,10
pal,ave,1
pal,fas,208
pal,grc,2
pal,hye,2
pal,kat,6
pal,peo,14
pal,san,3
pal,syc,11
pal,tgk,7
pal,xcl,3
pan,ara,2
pan,eng,5
pan,fas,22
pan,pan,6
pan,san,20
pan,tha,1
pap,lat,2
pau,eng,1
pcd,fra,4
pdt,dum,1
peo,eng,4
peo,fas,6
peo,grc,14
peo,heb,1
peo,pal,14
peo,peo,12
peo,san,1
peo,syc,4
peo,tgk,2
peo,xcl,1
phn,ara,2
phn,eng,1
phn,fra,1
phn,grc,7
phn,lat,2
phn,tur,1
pim,eng,6
pis,eng,2
pjt,eng,2
pjt,pjt,12
pli,cmn,1
pli,eng,3
pli,fra,1
pli,gle,1
pli,grc,1
pli,khm,1
pli,lao,4
pli,mya,1
pli,san,21
pli,tha,33
pml,eng,1
pol,amh,1
pol,ara,9
pol,bod,1
pol,bul,1
pol,ces,11
pol,chu,6
pol,dan,4
pol,deu,62
pol,dsb,1
pol,eng,120
pol,epo,7
pol,fas,2
pol,fin,1
pol,fra,97
pol,fro,1
pol,gmh,7
pol,goh,3
pol,grc,48
pol,hbs,2
pol,heb,13
pol,hin,1
pol,hun,10
pol,ita,38
pol,jpn,28
pol,kor,2
pol,lat,111
pol,lav,1
pol,lit,2
pol,lmo,1
pol,nds,1
pol,nld,7
pol,nor,1
pol,ota,1
pol,pol,55588
pol,por,4
pol,ron,5
pol,rus,46
pol,san,7
pol,slk,1
pol,spa,14
pol,swe,1
pol,tur,15
pol,ukr,1
pol,wym,4
pol,yid,8
por,afr,2
por,ain,1
por,akk,1
por,ara,25
por,aym,1
por,aze,1
por,bak,1
por,ben,1
por,bod,1
por,cat,2
por,ces,2
por,cmn,2
por,dan,3
por,deu,18
por,ell,2
por,eng,187
por,epo,1
por,fas,4
por,fin,1
por,fra,163
por,frm,7
por,fro,21
por,glg,4
por,goh,1
por,got,8
por,grc,94
por,grn,2
por,gug,1
por,guj,2
por,hbs,1
por,hin,11
por,hun,1
por,hye,1
por,ido,1
por,ind,2
por,ita,56
por,jav,1
por,jpn,27
por,kmb,3
por,kri,1
por,lad,3
por,lat,1837
por,lin,3
por,mal,3
por,mar,4
por,mav,1
por,mon,1
por,mri,1
por,msa,16
por,mwl,1
por,mya,1
por,nah,1
por,nld,4
por,oci,6
por,ota,1
por,pol,4
por,por,24749
por,pro,5
por,que,1
por,roh,3
por,rus,4
por,san,4
por,slk,1
por,slv,1
por,sna,1
por,som,1
por,spa,61
por,swa,1
por,syc,1
por,tam,2
por,tel,1
por,tet,14
por,tha,2
por,tnq,2
por,tpi,2
por,tpw,9
por,tur,1
por,urd,10
por,vec,1
por,vie,1
por,vol,1
por,wol,1
por,xaa,2
por,zsm,20
por,zul,1
pox,gml,2
ppl,spa,1
prg,got,1
pro,cat,25
pro,fra,27
pro,frm,5
pro,fro,4
pro,glg,1
pro,got,1
pro,grc,1
pro,ita,13
pro,lat,170
pro,oci,29
pro,por,5
pro,pro,144
pro,spa,8
pro,xno,1
pus,ara,18
pus,eng,7
pus,fas,3
pus,pus,105
quc,eng,1
quc,spa,1
que,eng,7
que,grc,1
que,por,1
que,que,34
que,qwc,1
que,spa,30
qwc,que,1
rap,eng,4
rap,rap,170
rap,spa,2
rap,tah,1
rhg,ben,7
rhg,hin,3
rme,eng,3
rme,rom,2
rme,san,1
rmf,fin,2
rmq,cat,1
rmq,eng,1
rmq,rom,1
rmq,spa,3
roh,deu,4
roh,eng,1
roh,fra,6
roh,fro,2
roh,goh,3
roh,ita,1
roh,kor,1
roh,lat,786
roh,por,3
roh,roh,1152
rom,deu,2
rom,ell,8
rom,eng,11
rom,fra,2
rom,gle,1
rom,hbs,2
rom,hun,11
rom,hye,10
rom,lat,2
rom,rme,2
rom,rmq,1
rom,rom,224
rom,ron,10
rom,san,8
rom,swe,1
rom,xcl,11
ron,ara,1
ron,aze,1
ron,bul,25
ron,chu,1
ron,cmn,1
ron,deu,34
ron,ell,65
ron,eng,34
ron,fra,780
ron,fro,1
ron,grc,12
ron,hbs,17
ron,heb,2
ron,hun,61
ron,hye,1
ron,ita,50
ron,jpn,1
ron,lat,1433
ron,lit,1
ron,oci,1
ron,ota,16
ron,p_sla,122
ron,pol,5
ron,rom,10
ron,ron,14680
ron,rup,4
ron,rus,10
ron,scn,1
ron,slk,1
ron,slv,1
ron,spa,5
ron,tat,1
ron,tur,77
ron,ukr,2
ron,yid,1
rop,eng,2
rue,eng,1
rue,orv,1
ruo,hbs,1
ruo,lat,32
ruo,ruo,20
rup,ell,20
rup,grc,1
rup,ita,2
rup,lat,654
rup,ron,4
rup,rup,2050
rup,sqi,1
rup,tur,5
rus,afr,1
rus,akk,1
rus,ale,2
rus,ara,24
rus,arg,1
rus,aze,19
rus,bak,4
rus,ben,1
rus,bod,2
rus,bua,1
rus,bul,5
rus,cat,2
rus,ces,8
rus,che,1
rus,chu,44
rus,cmn,13
rus,crh,50
rus,dan,4
rus,deu,148
rus,ell,16
rus,eng,345
rus,epo,6
rus,est,3
rus,evn,1
rus,fas,19
rus,fin,105
rus,fra,244
rus,fro,1
rus,goh,1
rus,got,1
rus,grc,84
rus,hbs,40
rus,heb,11
rus,hin,3
rus,hun,16
rus,hye,197
rus,isl,1
rus,ita,29
rus,jpn,99
rus,kat,35
rus,kaz,3
rus,kbd,1
rus,kir,2
rus,kor,21
rus,krl,41
rus,kur,1
rus,lat,85
rus,lav,5
rus,lit,1
rus,mkd,3
rus,mon,2
rus,msa,2
rus,mya,1
rus,nld,20
rus,nob,5
rus,non,9
rus,orc,1
rus,ori,1
rus,orv,39
rus,oss,1
rus,ota,6
rus,pol,46
rus,por,4
rus,ron,10
rus,rus,65688
rus,san,9
rus,slk,2
rus,slv,2
rus,sms,5
rus,spa,17
rus,sqi,1
rus,swa,2
rus,swe,7
rus,tam,1
rus,tat,3
rus,tgk,16
rus,tha,1
rus,tuk,2
rus,tur,29
rus,uig,14
rus,ukr,2
rus,uzb,3
rus,vep,1
rus,vie,1
rus,xcl,1
rus,yid,13
rus,yue,1
ryu,jpn,1
san,ara,3
san,ben,130
san,bul,1
san,ces,1
san,cmn,5
san,deu,1
san,eng,257
san,epo,6
san,fas,14
san,fin,1
san,fra,2
san,gle,7
san,grc,7
san,guj,53
san,hbs,9
san,hif,1
san,hin,653
san,hun,3
san,hye,3
san,ind,18
san,isl,1
san,jav,1
san,jpn,8
san,kan,17
san,kat,1
san,khm,11
san,lao,5
san,lav,1
san,lit,1
san,mal,6
san,mar,42
san,mkd,1
san,msa,28
san,nep,24
san,nob,2
san,pal,3
san,pan,20
san,peo,1
san,pli,21
san,pol,7
san,por,4
san,rme,1
san,rom,8
san,rus,9
san,san,606
san,sat,5
san,slv,2
san,spa,3
san,tam,35
san,tel,157
san,tgl,2
san,tha,275
san,ukr,1
san,urd,391
san,yue,1
san,zsm,92
sat,fas,1
sat,san,5
scn,ara,10
scn,cat,1
scn,deu,1
scn,eng,1
scn,fra,8
scn,grc,17
scn,ita,12
scn,jpn,5
scn,lat,383
scn,mlt,44
scn,ron,1
scn,scn,944
scn,spa,23
scn,tur,1
sco,ang,105
sco,arg,1
sco,eng,60
sco,enm,44
sco,fra,3
sco,fro,13
sco,gla,11
sco,grc,1
sco,lat,13
sco,mga,1
sco,non,24
sco,sco,1434
sco,vls,1
sco,xno,3
see,eng,1
sei,sei,58
sei,spa,2
sga,ang,4
sga,cym,6
sga,eng,8
sga,fao,1
sga,fro,1
sga,gla,652
sga,gle,1138
sga,glv,564
sga,isl,2
sga,lat,163
sga,mga,35
sga,non,20
sga,owl,2
sga,sga,3107
sga,swe,1
shh,eng,1
sin,eng,1
slk,ara,1
slk,ces,3
slk,chu,2
slk,dan,1
slk,deu,6
slk,eng,10
slk,fao,2
slk,fin,1
slk,fra,3
slk,goh,1
slk,grc,5
slk,heb,2
slk,hun,14
slk,ita,1
slk,kor,1
slk,lat,14
slk,non,3
slk,pol,1
slk,por,1
slk,ron,1
slk,rus,2
slk,slk,2296
slk,spa,1
slk,tur,1
slv,ara,1
slv,bod,1
slv,ces,3
slv,chu,4
slv,dan,1
slv,deu,21
slv,ell,1
slv,eng,8
slv,fra,3
slv,gmh,6
slv,goh,1
slv,grc,11
slv,hbs,6
slv,hun,11
slv,ita,8
slv,lat,18
slv,ota,2
slv,por,1
slv,ron,1
slv,rus,2
slv,san,2
slv,slv,2720
slv,tur,1
slv,vec,2
sme,deu,2
sme,fin,4
sme,nor,3
sme,sme,68
sme,swe,1
smo,eng,8
smo,lat,1
smo,smo,12
smo,ton,1
smo,tpi,2
sms,lat,1
sms,rus,5
sms,sms,2
sna,eng,2
sna,por,1
som,por,1
sot,eng,1
spa,afr,1
spa,akz,1
spa,apw,1
spa,ara,148
spa,arg,2
spa,arn,13
spa,arw,3
spa,bar,1
spa,cat,79
spa,ccc,36
spa,ceb,1
spa,cha,1
spa,cmn,1
spa,crh,3
spa,dan,11
spa,deu,25
spa,efi,1
spa,ell,7
spa,eng,529
spa,epo,11
spa,est,1
spa,eus,24
spa,fao,1
spa,fas,2
spa,fin,5
spa,fra,335
spa,frm,8
spa,fro,26
spa,gle,2
spa,glg,5
spa,got,4
spa,grc,241
spa,grn,4
spa,hbs,13
spa,heb,3
spa,hil,176
spa,hin,1
spa,hun,2
spa,hye,2
spa,ina,1
spa,isl,1
spa,ita,94
spa,jpn,17
spa,kor,1
spa,lad,2
spa,lat,3528
spa,lav,1
spa,lit,2
spa,msa,6
spa,mxi,2
spa,nah,33
spa,nap,2
spa,nav,20
spa,nci,139
spa,nld,8
spa,nob,1
spa,non,1
spa,nor,1
spa,oci,8
spa,osp,54
spa,pol,14
spa,por,61
spa,ppl,1
spa,pro,8
spa,quc,1
spa,que,30
spa,rap,2
spa,rmq,3
spa,ron,5
spa,rus,17
spa,san,3
spa,scn,23
spa,sei,2
spa,slk,1
spa,spa,475525
spa,sqi,1
spa,srd,2
spa,srn,1
spa,swe,1
spa,tat,1
spa,tel,2
spa,tew,1
spa,tgl,78
spa,tha,1
spa,tnq,7
spa,tpw,2
spa,tur,6
spa,twf,61
spa,vec,1
spa,vol,3
spa,wym,1
spa,xaa,16
spa,yua,2
spa,yur,4
spa,zsm,3
sqi,ara,8
sqi,deu,1
sqi,ell,8
sqi,eng,7
sqi,fas,1
sqi,fra,9
sqi,grc,7
sqi,hbs,7
sqi,ita,1
sqi,lat,228
sqi,lit,1
sqi,mkd,1
sqi,ota,36
sqi,rup,1
sqi,rus,1
sqi,spa,1
sqi,sqi,3253
sqi,tur,30
sqi,vec,1
srd,ita,1
srd,lat,27
srd,spa,2
srd,srd,4
srn,eng,36
srn,nld,48
srn,spa,1
srs,eng,1
stg,dum,1
stg,ofs,3
stg,stg,38
stg,stq,2
sth,eng,1
stq,stg,2
sun,nld,1
sun,zsm,1
sux,akk,9
sux,eng,1
sux,heb,1
sux,sux,12
swa,ara,41
swa,deu,1
swa,eng,14
swa,mas,1
swa,nob,1
swa,por,1
swa,rus,2
swa,swa,368
swa,swe,1
swa,tur,1
swe,ava,1
swe,cat,1
swe,ces,1
swe,crh,1
swe,dan,23
swe,deu,39
swe,eng,80
swe,est,4
swe,fin,292
swe,fra,71
swe,fro,3
swe,gmh,1
swe,gml,29
swe,goh,1
swe,grc,13
swe,heb,2
swe,hye,1
swe,isl,2
swe,ita,4
swe,jpn,1
swe,kor,1
swe,lat,82
swe,lav,2
swe,nah,1
swe,nds,1
swe,nld,4
swe,nob,1
swe,non,535
swe,nor,3
swe,osx,2
swe,pol,1
swe,rom,1
swe,rus,7
swe,sga,1
swe,sme,1
swe,spa,1
swe,swa,1
swe,swe,52008
swe,tur,2
syc,aii,2
syc,akk,26
syc,ara,58
syc,eng,1
syc,fas,5
syc,grc,184
syc,heb,36
syc,hye,4
syc,lat,8
syc,pal,11
syc,peo,4
syc,por,1
syc,syc,1504
syc,tur,1
syc,xcl,25
szl,wym,1
tah,eng,3
tah,fra,1
tah,rap,1
tah,tah,2
tam,eng,10
tam,hin,1
tam,ind,1
tam,msa,6
tam,por,2
tam,rus,1
tam,san,35
tam,tam,96
tam,zsm,13
tat,ara,6
tat,eng,1
tat,fas,5
tat,ron,1
tat,rus,3
tat,spa,1
tat,tat,30
tat,xcl,1
tcs,eng,59
tcs,tcs,36
tcs,ulk,7
tcy,eng,3
tcy,tcy,1
tel,ara,3
tel,eng,4
tel,fas,8
tel,fra,2
tel,grc,6
tel,hin,6
tel,kor,2
tel,lat,26
tel,mal,1
tel,mar,1
tel,por,1
tel,san,157
tel,spa,2
tel,tel,7646
tel,tha,1
tel,tur,1
tel,urd,1
tet,msa,3
tet,por,14
tet,tet,20
tew,spa,1
tgk,ara,117
tgk,eng,2
tgk,fas,1
tgk,fra,1
tgk,grc,1
tgk,pal,7
tgk,peo,2
tgk,rus,16
tgk,tgk,672
tgl,cmn,1
tgl,eng,17
tgl,grc,1
tgl,hye,1
tgl,msa,5
tgl,san,2
tgl,spa,78
tgl,tgl,180
tgl,zsm,2
tha,ben,1
tha,cmn,5
tha,eng,55
tha,fra,7
tha,hin,1
tha,jpn,2
tha,khm,11
tha,kor,1
tha,lao,3
tha,lit,1
tha,msa,3
tha,mya,1
tha,pan,1
tha,pli,33
tha,por,2
tha,rus,1
tha,san,275
tha,spa,1
tha,tel,1
tha,tha,1736
tha,zsm,2
tir,eng,2
tiv,eng,1
tnq,cat,1
tnq,eng,3
tnq,lat,1
tnq,por,2
tnq,spa,7
ton,eng,3
ton,smo,1
tpi,deu,6
tpi,eng,425
tpi,ksd,5
tpi,lat,2
tpi,msa,5
tpi,nld,2
tpi,por,2
tpi,smo,2
tpi,tpi,451
tpw,fra,1
tpw,lat,1
tpw,por,9
tpw,spa,2
tsn,eng,13
tsn,tsn,22
tuk,ara,3
tuk,fas,6
tuk,lat,1
tuk,otk,2
tuk,rus,2
tuk,tuk,8
tur,ara,489
tur,arz,3
tur,ayl,5
tur,bul,10
tur,ces,2
tur,deu,11
tur,ell,91
tur,eng,166
tur,fas,274
tur,fin,4
tur,fra,576
tur,fro,2
tur,grc,9
tur,hbs,313
tur,heb,1
tur,hin,1
tur,hun,10
tur,hye,78
tur,ita,71
tur,jpn,1
tur,kat,15
tur,kir,2
tur,kor,1
tur,kur,3
tur,lad,45
tur,lat,5
tur,mkd,21
tur,nld,5
tur,nno,1
tur,nob,2
tur,non,1
tur,ota,12
tur,otk,21
tur,phn,1
tur,pol,15
tur,por,1
tur,ron,77
tur,rup,5
tur,rus,29
tur,scn,1
tur,slk,1
tur,slv,1
tur,spa,6
tur,sqi,30
tur,swa,1
tur,swe,2
tur,syc,1
tur,tel,1
tur,tur,20213
tur,urd,1
tur,vec,1
tur,xcl,9
twf,eng,13
twf,fra,1
twf,spa,61
twf,twf,398
twi,eng,1
txb,txb,20
tzm,tzm,4
uga,uga,2
uig,ara,16
uig,cmn,6
uig,eng,1
uig,fas,10
uig,rus,14
uig,uig,14
ukr,chu,11
ukr,crh,1
ukr,deu,1
ukr,eng,43
ukr,fra,3
ukr,grc,7
ukr,hun,5
ukr,ita,2
ukr,lat,1
ukr,msa,1
ukr,non,1
ukr,orv,5
ukr,pol,1
ukr,ron,2
ukr,rus,2
ukr,san,1
ukr,ukr,676
ulk,tcs,7
umb,eng,1
umu,fra,1
urd,ara,129
urd,ben,1
urd,eng,45
urd,fas,309
urd,grc,1
urd,hin,2
urd,nob,2
urd,por,10
urd,san,391
urd,tel,1
urd,tur,1
urd,urd,728
uzb,ara,41
uzb,eng,1
uzb,fas,28
uzb,rus,3
uzb,uzb,30
vai,vai,6
vec,deu,1
vec,ell,20
vec,eng,2
vec,fra,2
vec,hbs,12
vec,ita,9
vec,lat,109
vec,por,1
vec,slv,2
vec,spa,1
vec,sqi,1
vec,tur,1
vec,vec,4456
vep,rus,1
vep,vep,2
vie,cmn,1
vie,eng,8
vie,fra,24
vie,lat,1
vie,ltc,6
vie,lzh,1
vie,por,1
vie,rus,1
vie,vie,2064
vie,yue,2
vls,sco,1
vma,eng,2
vma,vma,6
vol,dan,1
vol,deu,10
vol,eng,23
vol,fra,21
vol,grc,1
vol,heb,1
vol,lat,7
vol,por,1
vol,spa,3
vol,vol,20180
wam,eng,3
wit,eng,2
wlm,cor,1
wlm,cym,30
wlm,lat,2
wlm,owl,6
wln,frk,1
wln,fro,83
wln,frp,1
wln,goh,3
wln,lat,47
wln,lim,1
wln,nld,1
wln,wln,224
wol,eng,1
wol,por,1
wrh,eng,7
wrh,wrh,50
wym,deu,3
wym,fra,5
wym,gmh,25
wym,goh,70
wym,lat,5
wym,pol,4
wym,spa,1
wym,szl,1
wym,wym,548
xaa,ara,8
xaa,eng,1
xaa,fra,1
xaa,lat,3
xaa,por,2
xaa,spa,16
xbm,bre,13
xbm,fro,1
xbm,obt,5
xce,lat,1
xcl,akk,2
xcl,ara,6
xcl,axm,1
xcl,aze,1
xcl,che,5
xcl,crh,3
xcl,eng,4
xcl,fas,13
xcl,fra,1
xcl,grc,162
xcl,heb,1
xcl,hit,1
xcl,hye,815
xcl,kat,148
xcl,kur,18
xcl,lat,5
xcl,oss,4
xcl,ota,2
xcl,pal,3
xcl,peo,1
xcl,rom,11
xcl,rus,1
xcl,syc,25
xcl,tat,1
xcl,tur,9
xcl,xcl,72197
xcl,xpr,4
xho,eng,4
xmb,bre,1
xmb,lat,1
xng,eng,1
xno,ang,1
xno,ara,2
xno,eng,339
xno,enm,151
xno,fra,2
xno,frm,2
xno,fro,144
xno,gle,8
xno,goh,1
xno,grc,2
xno,lat,508
xno,mga,2
xno,mkd,1
xno,non,1
xno,obt,1
xno,pro,1
xno,sco,3
xno,xno,1281
xnt,eng,6
xon,enm,1
xon,fro,1
xpr,xcl,4
xtg,fro,1
xto,xto,22
yid,deu,17
yid,eng,115
yid,epo,1
yid,fra,2
yid,fro,2
yid,gmh,36
yid,goh,257
yid,heb,101
yid,hun,3
yid,ita,1
yid,lat,5
yid,nld,17
yid,pol,8
yid,ron,1
yid,rus,13
yid,yid,1870
yol,eng,1
yor,eng,6
yor,yor,16
yua,spa,2
yua,yua,138
yue,cmn,1
yue,eng,18
yue,rus,1
yue,san,1
yue,vie,2
yue,yue,58
yue,zsm,3
yur,eng,4
yur,spa,4
yxg,eng,2
zai,zai,4
zko,zko,212
zku,eng,1
zsm,abs,1
zsm,ara,140
zsm,ces,1
zsm,cmn,3
zsm,eng,314
zsm,fas,19
zsm,grc,2
zsm,ind,2
zsm,jav,22
zsm,jpn,2
zsm,kan,2
zsm,kzj,1
zsm,lat,17
zsm,mal,1
zsm,min,1
zsm,msa,1270
zsm,nan,9
zsm,nld,28
zsm,por,20
zsm,san,92
zsm,spa,3
zsm,sun,1
zsm,tam,13
zsm,tgl,2
zsm,tha,2
zsm,yue,3
zsm,zsm,1320
zul,eng,19
zul,fin,1
zul,fra,1
zul,ita,1
zul,nld,1
zul,por,1
zul,zul,243
